Uniprot ID,Gene name,GTEx,Brain_RNA-Seq,HPA_RNA,HPA_IHC,HPA_Consensus,Tau Sum,scRNAseq Rank,scRNAseq Attribution,DT Mass Spec - Plasma,DT Mass Spec - CSF,DT Mass Spec - Neuron Culture,HPPP - Plasma,HPPP - CSF,iPSC Proteomics,Guldbrandsen2014,Zhang2007,Macron2018,Schutzer2010,Begcevic2016,Thompson2020,Muraoka2020,Thompson2018,Chiasserini2014,Sum in Mass Spec,Transmembrane
Q9H7V2,SYNDIG1,0.7159198615043358,0.7551931905343119,0.7427847378197473,0.0,0.20080415442540375,2.4147019442837987,25,0.0022065467930019,0,0,0,0,0,0,0,0,0,0,0,0,0,0,0,0.0,True
Q9Y661,HS3ST4,0.921120361931443,0.7582443327793369,0.9459747938193376,0.0,0.2897625542678818,2.9151020427979994,12,0.0028580825387121,0,0,0,0,0,0,0,0,0,0,0,0,0,0,0,0.0,True
Q6UXN8,CLEC9A,0.7334161177762402,0.8998387427732192,0.7556394417695658,0.0,0.9257961314657567,3.3146904337847816,2512,0.0001387995983871,0,0,0,0,0,0,0,0,1,0,0,0,0,0,0,1.0,True
